[
  {
    "id": "fe714f72-512e-4790-ac44-133794959dca",
    "data": [
      {
        "text": "Date of Birth is ",
        "userDefined": false
      },
      {
        "text": "13/06/2000",
        "meta": "@sys.date-time",
        "alias": "dateOfBirth",
        "userDefined": false
      }
    ],
    "isTemplate": false,
    "count": 0,
    "lang": "en",
    "updated": 0
  },
  {
    "id": "85a0a8f8-8d06-4bc8-8357-f63507b556b0",
    "data": [
      {
        "text": "Feb 13, 2017",
        "meta": "@sys.date-time",
        "alias": "dateOfBirth",
        "userDefined": false
      }
    ],
    "isTemplate": false,
    "count": 0,
    "lang": "en",
    "updated": 0
  },
  {
    "id": "b1625431-aa18-4745-817a-79e224436f80",
    "data": [
      {
        "text": "13/07/1997",
        "meta": "@sys.date-time",
        "alias": "dateOfBirth",
        "userDefined": false
      }
    ],
    "isTemplate": false,
    "count": 0,
    "lang": "en",
    "updated": 0
  }
]