[
  {
    "id": "70d86333-f4ff-482a-a948-5577e0ee06bf",
    "data": [
      {
        "text": "Mark",
        "meta": "@sys.person",
        "alias": "person",
        "userDefined": true
      }
    ],
    "isTemplate": false,
    "count": 0,
    "lang": "en",
    "updated": 0
  },
  {
    "id": "089e6ff6-a434-4f0a-8885-4c6fdd4a9166",
    "data": [
      {
        "text": "Name is ",
        "userDefined": false
      },
      {
        "text": "Joseph",
        "meta": "@sys.person",
        "alias": "person",
        "userDefined": false
      }
    ],
    "isTemplate": false,
    "count": 0,
    "lang": "en",
    "updated": 0
  },
  {
    "id": "c1c50a0a-252c-4a64-898c-00f381524c5b",
    "data": [
      {
        "text": "Antony",
        "meta": "@sys.person",
        "alias": "person",
        "userDefined": false
      },
      {
        "text": " is my last name",
        "userDefined": false
      }
    ],
    "isTemplate": false,
    "count": 0,
    "lang": "en",
    "updated": 0
  },
  {
    "id": "2ce9fb32-f4d5-45e8-866d-dcfc1eeb7b03",
    "data": [
      {
        "text": "Last name is ",
        "userDefined": false
      },
      {
        "text": "Antony",
        "meta": "@sys.person",
        "alias": "person",
        "userDefined": false
      }
    ],
    "isTemplate": false,
    "count": 0,
    "lang": "en",
    "updated": 0
  }
]