[
  {
    "id": "45c22606-8681-4af5-8343-f91c3f4476e7",
    "data": [
      {
        "text": "Here you go ",
        "userDefined": false
      },
      {
        "text": "K819203716",
        "meta": "@membership-id",
        "alias": "membershipID",
        "userDefined": true
      }
    ],
    "isTemplate": false,
    "count": 0,
    "lang": "en",
    "updated": 0
  },
  {
    "id": "2d9091bd-34a2-41de-a87b-225463ec9e3d",
    "data": [
      {
        "text": "B756432615",
        "meta": "@membership-id",
        "alias": "membershipID",
        "userDefined": false
      }
    ],
    "isTemplate": false,
    "count": 0,
    "lang": "en",
    "updated": 0
  },
  {
    "id": "6c724a28-832d-4b1b-89d2-53761470a890",
    "data": [
      {
        "text": "My membership ID is ",
        "userDefined": false
      },
      {
        "text": "Q748382916",
        "meta": "@membership-id",
        "alias": "membershipID",
        "userDefined": false
      }
    ],
    "isTemplate": false,
    "count": 0,
    "lang": "en",
    "updated": 0
  }
]