[
  {
    "id": "7012eb42-28d7-43ae-934e-22a1ea92536e",
    "data": [
      {
        "text": "I need to know my member copayment values",
        "userDefined": false
      }
    ],
    "isTemplate": false,
    "count": 0,
    "lang": "en",
    "updated": 0
  },
  {
    "id": "2761723a-e571-4476-98f8-f8d74c0d30e9",
    "data": [
      {
        "text": "tell me my member copayment",
        "userDefined": false
      }
    ],
    "isTemplate": false,
    "count": 0,
    "lang": "en",
    "updated": 0
  },
  {
    "id": "036b203f-d620-4bed-974a-a2bd7d4a6d96",
    "data": [
      {
        "text": "i need to know my member co payment",
        "userDefined": false
      }
    ],
    "isTemplate": false,
    "count": 0,
    "lang": "en",
    "updated": 0
  },
  {
    "id": "2fa20e65-525d-452d-a85c-c55132db32b8",
    "data": [
      {
        "text": "member co payment",
        "userDefined": false
      }
    ],
    "isTemplate": false,
    "count": 0,
    "lang": "en",
    "updated": 0
  },
  {
    "id": "a63b49a0-d0aa-483c-801a-7bb57be9760b",
    "data": [
      {
        "text": "member copayment",
        "userDefined": false
      }
    ],
    "isTemplate": false,
    "count": 0,
    "lang": "en",
    "updated": 0
  }
]