[
  {
    "id": "778b6cff-5a01-4b74-9404-4a0fe10fda08",
    "data": [
      {
        "text": "what is my submitted procedure codes",
        "userDefined": false
      }
    ],
    "isTemplate": false,
    "count": 0,
    "lang": "en",
    "updated": 0
  },
  {
    "id": "4bbcec10-06eb-4db7-8c9a-dde0bc946645",
    "data": [
      {
        "text": "submitted procedure codes",
        "userDefined": false
      }
    ],
    "isTemplate": false,
    "count": 0,
    "lang": "en",
    "updated": 0
  },
  {
    "id": "dbb8f5d7-39d7-4b97-8c24-4ae8536432c6",
    "data": [
      {
        "text": "what are my submitted procedure codes",
        "userDefined": false
      }
    ],
    "isTemplate": false,
    "count": 0,
    "lang": "en",
    "updated": 0
  },
  {
    "id": "1e6210ee-a9a7-4c46-a2c6-fed91dc6bf28",
    "data": [
      {
        "text": "I need know my procedure codes",
        "userDefined": false
      }
    ],
    "isTemplate": false,
    "count": 0,
    "lang": "en",
    "updated": 0
  },
  {
    "id": "f38cb27b-36d3-4828-8e12-56cb574f9aa1",
    "data": [
      {
        "text": "May I know my procedure codes",
        "userDefined": false
      }
    ],
    "isTemplate": false,
    "count": 0,
    "lang": "en",
    "updated": 0
  },
  {
    "id": "28057394-16e7-47e8-9b46-2d59f21f4470",
    "data": [
      {
        "text": "procedure codes",
        "userDefined": false
      }
    ],
    "isTemplate": false,
    "count": 0,
    "lang": "en",
    "updated": 0
  },
  {
    "id": "33f157fb-027f-4948-bbab-59c909932515",
    "data": [
      {
        "text": "Tell me my procedure codes",
        "userDefined": false
      }
    ],
    "isTemplate": false,
    "count": 0,
    "lang": "en",
    "updated": 0
  }
]