[
  {
    "id": "a3e26747-15b3-4ffe-bc3d-67fdb5b3dfad",
    "data": [
      {
        "text": "Can you tell me my service dates",
        "userDefined": false
      }
    ],
    "isTemplate": false,
    "count": 0,
    "lang": "en",
    "updated": 0
  },
  {
    "id": "d90b258e-2c6f-4ee3-9a99-9e77f6efb42d",
    "data": [
      {
        "text": "I need to know my service dates",
        "userDefined": false
      }
    ],
    "isTemplate": false,
    "count": 0,
    "lang": "en",
    "updated": 0
  },
  {
    "id": "51a01b8f-37bb-4b38-abf9-2e148c1f938c",
    "data": [
      {
        "text": "service dates",
        "userDefined": false
      }
    ],
    "isTemplate": false,
    "count": 0,
    "lang": "en",
    "updated": 0
  },
  {
    "id": "4d668551-a851-4829-9c9d-576458779506",
    "data": [
      {
        "text": "May I know my service Dates",
        "userDefined": false
      }
    ],
    "isTemplate": false,
    "count": 0,
    "lang": "en",
    "updated": 0
  }
]