[
  {
    "id": "82ef81ff-d0bd-4da2-a937-cd5a50774c97",
    "data": [
      {
        "text": "bt benefits",
        "userDefined": false
      }
    ],
    "isTemplate": false,
    "count": 0,
    "lang": "en",
    "updated": 0
  },
  {
    "id": "ea24767b-7ccd-45a6-b62e-59de7d99673c",
    "data": [
      {
        "text": "what are by total bt benefits",
        "userDefined": false
      }
    ],
    "isTemplate": false,
    "count": 0,
    "lang": "en",
    "updated": 0
  },
  {
    "id": "30fe2e1e-1f48-401e-86fa-0549e1e6b391",
    "data": [
      {
        "text": "total bt benefit",
        "userDefined": false
      }
    ],
    "isTemplate": false,
    "count": 0,
    "lang": "en",
    "updated": 0
  },
  {
    "id": "617f8b6c-5464-477c-b05b-0d888cc7cd0f",
    "data": [
      {
        "text": "benefit",
        "userDefined": false
      }
    ],
    "isTemplate": false,
    "count": 0,
    "lang": "en",
    "updated": 0
  }
]