[
  {
    "id": "b8104f0b-1cc6-4b9d-9c4e-76bcaa48f64f",
    "data": [
      {
        "text": "I want to know my total bt provider eligible data",
        "userDefined": false
      }
    ],
    "isTemplate": false,
    "count": 0,
    "lang": "en",
    "updated": 0
  },
  {
    "id": "1259aa78-0670-4879-8f49-4da7a58ba209",
    "data": [
      {
        "text": "may I know my total bt provider",
        "userDefined": false
      }
    ],
    "isTemplate": false,
    "count": 0,
    "lang": "en",
    "updated": 0
  },
  {
    "id": "5290095c-0c5d-40a4-91f2-ce1cdc71a2a2",
    "data": [
      {
        "text": "total bt provider",
        "userDefined": false
      }
    ],
    "isTemplate": false,
    "count": 0,
    "lang": "en",
    "updated": 0
  },
  {
    "id": "6ee6e2b8-20d7-4316-bac5-796f008901ff",
    "data": [
      {
        "text": "bt provider eligible",
        "userDefined": false
      }
    ],
    "isTemplate": false,
    "count": 0,
    "lang": "en",
    "updated": 0
  },
  {
    "id": "88b447d2-0eb9-4f4b-9316-df78d675d1d3",
    "data": [
      {
        "text": "total bt provider eligible",
        "userDefined": false
      }
    ],
    "isTemplate": false,
    "count": 0,
    "lang": "en",
    "updated": 0
  },
  {
    "id": "0136c827-d186-45f3-a700-a11ce29e7638",
    "data": [
      {
        "text": "what is my total bt provider eligible",
        "userDefined": false
      }
    ],
    "isTemplate": false,
    "count": 0,
    "lang": "en",
    "updated": 0
  }
]