[
  {
    "id": "81695025-0978-4eae-adf9-09bb107722d3",
    "data": [
      {
        "text": "I want to know my total claim",
        "userDefined": true
      }
    ],
    "isTemplate": false,
    "count": 0,
    "lang": "en",
    "updated": 0
  },
  {
    "id": "9988e30c-68b7-400e-a4d2-37205ba6a2d5",
    "data": [
      {
        "text": "total claim",
        "userDefined": true
      }
    ],
    "isTemplate": false,
    "count": 0,
    "lang": "en",
    "updated": 0
  },
  {
    "id": "7e2b9817-bf30-4c9e-863f-8be758563b8f",
    "data": [
      {
        "text": "i choose claim",
        "userDefined": true
      }
    ],
    "isTemplate": false,
    "count": 0,
    "lang": "en",
    "updated": 0
  },
  {
    "id": "567a637e-1ea5-43b6-873e-d5829256c30c",
    "data": [
      {
        "text": "claim",
        "userDefined": true
      }
    ],
    "isTemplate": false,
    "count": 0,
    "lang": "en",
    "updated": 0
  }
]