[
  {
    "id": "00385b43-3c80-499c-9492-3890a5d21081",
    "data": [
      {
        "text": "select ",
        "userDefined": false
      },
      {
        "text": "3",
        "meta": "@sys.number",
        "alias": "selectedOption",
        "userDefined": false
      }
    ],
    "isTemplate": false,
    "count": 0,
    "lang": "en",
    "updated": 0
  },
  {
    "id": "162b4ceb-c586-40b7-9603-8edd05bb65fe",
    "data": [
      {
        "text": "I select ",
        "userDefined": false
      },
      {
        "text": "4",
        "meta": "@sys.number",
        "alias": "selectedOption",
        "userDefined": false
      }
    ],
    "isTemplate": false,
    "count": 0,
    "lang": "en",
    "updated": 0
  },
  {
    "id": "1b1ab953-4ff4-40bd-827c-2b9124802e72",
    "data": [
      {
        "text": "I choose ",
        "userDefined": false
      },
      {
        "text": "3",
        "meta": "@sys.number",
        "alias": "selectedOption",
        "userDefined": false
      }
    ],
    "isTemplate": false,
    "count": 0,
    "lang": "en",
    "updated": 0
  },
  {
    "id": "0e5189c7-400a-44ee-b97a-8bfc135b9822",
    "data": [
      {
        "text": "5",
        "meta": "@sys.number",
        "alias": "selectedOption",
        "userDefined": false
      }
    ],
    "isTemplate": false,
    "count": 0,
    "lang": "en",
    "updated": 0
  },
  {
    "id": "a2318bb2-f87a-4a0a-b327-15c8443ba050",
    "data": [
      {
        "text": "2",
        "meta": "@sys.number",
        "alias": "selectedOption",
        "userDefined": false
      }
    ],
    "isTemplate": false,
    "count": 0,
    "lang": "en",
    "updated": 0
  },
  {
    "id": "78aab3db-539f-479a-9c98-55ff91f9d095",
    "data": [
      {
        "text": "1",
        "meta": "@sys.number",
        "alias": "selectedOption",
        "userDefined": false
      }
    ],
    "isTemplate": false,
    "count": 0,
    "lang": "en",
    "updated": 0
  },
  {
    "id": "bc5f2bf8-c0db-4a28-9bfd-eb9b10ea1aa1",
    "data": [
      {
        "text": "I choose ",
        "userDefined": false
      },
      {
        "text": "one",
        "meta": "@sys.number",
        "alias": "selectedOption",
        "userDefined": true
      }
    ],
    "isTemplate": false,
    "count": 0,
    "lang": "en",
    "updated": 0
  }
]